config,recall@1,recall@3,recall@5,mrr@10,faithfulness,answer_relevancy,context_precision,context_recall
baseline,0.8076923076923077,0.9615384615384616,0.9615384615384616,0.8836996336996337,1.0,0.8808991283348155,0.865384615303205,0.7237514088475627
