config,recall@1,recall@3,recall@5,mrr@10,faithfulness,answer_relevancy,context_precision,context_recall
hybrid_rerank,0.8846153846153846,0.9615384615384616,0.9615384615384616,0.9294871794871796,1.0,0.8853601823154137,0.913461538377404,0.6776533295764064
